{"appVersion":"4.20.0","is64Bit":true,"isGpuCompositionAvailable":true,"isTitleBarHidden":false,"win32":{"osProduct":"Workstation","servicingChannel":"SAC","isAeroGlassEnabled":true,"isWin10":true,"isStore":false},"platform":"win32","platformVersion":{"major":10,"minor":0,"build":19042},"releaseChannel":"prod","developerMenuOverride":false,"resourcePath":"[REDACTED]","uuid":"f23b4ed4-c058-50de-9aa0-a4ca9f03d773","applicationProcessSessionId":"ZjIzYjRlZDQtYzA1OC01MGRlLTlhYTAtYTRjYTlmMDNkNzczXzE2MzMwMzI2MzAyNTI=","distribution":"DDL","bootFragments":[],"clientFeatureMode":1000}