{
  "appTeams": {
    "selectedTeamId": null,
    "teamsByIndex": [],
    "teamsToSignOut": []
  },
  "bookmarks": [],
  "dialog": "U2FsdGVkX1+w1dEgXkYrvFST+2TLWjXCtgbPoLAHsa0AT1PVLLWoI90Z4ANFfvhg",
  "downloads": {
    "T0227UVRJU8": {
      "F0242GX90F8": {
        "id": "F0242GX90F8",
        "teamId": "T0227UVRJU8",
        "url": "[REDACTED]",
        "userId": "U024J2XSZS4",
        "appVersion": "4.16.1",
        "downloadState": "completed",
        "startTime": 1623092432170,
        "progress": 1,
        "downloadPath": "[REDACTED]",
        "endTime": 1623092433369
      },
      "F0278QANP5E": {
        "id": "F0278QANP5E",
        "teamId": "T0227UVRJU8",
        "url": "[REDACTED]",
        "userId": "U024J2XSZS4",
        "appVersion": "4.17.1",
        "downloadState": "completed",
        "startTime": 1624986793887,
        "progress": 1,
        "downloadPath": "[REDACTED]",
        "endTime": 1624986798997
      },
      "F026X3S6KNH": {
        "id": "F026X3S6KNH",
        "teamId": "T0227UVRJU8",
        "url": "[REDACTED]",
        "userId": "U024J2XSZS4",
        "appVersion": "4.17.1",
        "downloadState": "completed",
        "startTime": 1625302890047,
        "progress": 1,
        "downloadPath": "[REDACTED]",
        "endTime": 1625302890951
      },
      "F026KCMA03Z": {
        "id": "F026KCMA03Z",
        "teamId": "T0227UVRJU8",
        "url": "[REDACTED]",
        "userId": "U024J2XSZS4",
        "appVersion": "4.17.1",
        "downloadState": "completed",
        "startTime": 1625302892050,
        "progress": 1,
        "downloadPath": "[REDACTED]",
        "endTime": 1625302892296
      },
      "F0276E59E5A": {
        "id": "F0276E59E5A",
        "teamId": "T0227UVRJU8",
        "url": "[REDACTED]",
        "userId": "U024J2XSZS4",
        "appVersion": "4.17.1",
        "downloadState": "completed",
        "startTime": 1625313747274,
        "progress": 1,
        "downloadPath": "[REDACTED]",
        "endTime": 1625313749136
      },
      "F0271KD9NT0": {
        "id": "F0271KD9NT0",
        "teamId": "T0227UVRJU8",
        "url": "[REDACTED]",
        "userId": "U024J2XSZS4",
        "appVersion": "4.17.1",
        "downloadState": "completed",
        "startTime": 1625599281895,
        "progress": 1,
        "downloadPath": "[REDACTED]",
        "endTime": 1625599282227
      },
      "F026TG5JQA2": {
        "id": "F026TG5JQA2",
        "teamId": "T0227UVRJU8",
        "url": "[REDACTED]",
        "userId": "U024J2XSZS4",
        "appVersion": "4.17.1",
        "downloadState": "completed",
        "startTime": 1625602483847,
        "progress": 1,
        "downloadPath": "[REDACTED]",
        "endTime": 1625602484477
      },
      "F027U327E74": {
        "id": "F027U327E74",
        "teamId": "T0227UVRJU8",
        "url": "[REDACTED]",
        "userId": "U024J2XSZS4",
        "appVersion": "4.17.1",
        "downloadState": "completed",
        "startTime": 1626120446128,
        "progress": 0,
        "downloadPath": "[REDACTED]",
        "endTime": 1626120446137
      },
      "F028HREFL72": {
        "id": "F028HREFL72",
        "teamId": "T0227UVRJU8",
        "url": "[REDACTED]",
        "userId": "U024J2XSZS4",
        "appVersion": "4.17.1",
        "downloadState": "completed",
        "startTime": 1626121609002,
        "progress": 1,
        "downloadPath": "[REDACTED]",
        "endTime": 1626121610149
      },
      "F0285HS4HFE": {
        "id": "F0285HS4HFE",
        "teamId": "T0227UVRJU8",
        "url": "[REDACTED]",
        "userId": "U024J2XSZS4",
        "appVersion": "4.17.1",
        "downloadState": "completed",
        "startTime": 1626225389292,
        "progress": 1,
        "downloadPath": "[REDACTED]",
        "endTime": 1626225390390
      },
      "F0290QTV7RC": {
        "id": "F0290QTV7RC",
        "teamId": "T0227UVRJU8",
        "url": "[REDACTED]",
        "userId": "U024J2XSZS4",
        "appVersion": "4.17.1",
        "downloadState": "completed",
        "startTime": 1627329068132,
        "progress": 1,
        "downloadPath": "[REDACTED]",
        "endTime": 1627329068812
      },
      "F0295DDS6CW": {
        "id": "F0295DDS6CW",
        "teamId": "T0227UVRJU8",
        "url": "[REDACTED]",
        "userId": "U024J2XSZS4",
        "appVersion": "4.18.0",
        "downloadState": "completed",
        "startTime": 1627473446240,
        "progress": 1,
        "downloadPath": "[REDACTED]",
        "endTime": 1627473446594
      },
      "F0299DUSX45": {
        "id": "F0299DUSX45",
        "teamId": "T0227UVRJU8",
        "url": "[REDACTED]",
        "userId": "U024J2XSZS4",
        "appVersion": "4.18.0",
        "downloadState": "completed",
        "startTime": 1627473471428,
        "progress": 1,
        "downloadPath": "[REDACTED]",
        "endTime": 1627473471691
      },
      "F02A61C4N64": {
        "id": "F02A61C4N64",
        "teamId": "T0227UVRJU8",
        "url": "[REDACTED]",
        "userId": "U024J2XSZS4",
        "appVersion": "4.18.0",
        "downloadState": "completed",
        "startTime": 1627492255438,
        "progress": 1,
        "downloadPath": "[REDACTED]",
        "endTime": 1627492255997
      },
      "F0291KXTS79": {
        "id": "F0291KXTS79",
        "teamId": "T0227UVRJU8",
        "url": "[REDACTED]",
        "userId": "U024J2XSZS4",
        "appVersion": "4.18.0",
        "downloadState": "completed",
        "startTime": 1627492258042,
        "progress": 1,
        "downloadPath": "[REDACTED]",
        "endTime": 1627492258269
      },
      "F029V0YNLJD": {
        "id": "F029V0YNLJD",
        "teamId": "T0227UVRJU8",
        "url": "[REDACTED]",
        "userId": "U024J2XSZS4",
        "appVersion": "4.18.0",
        "downloadState": "completed",
        "startTime": 1627492260068,
        "progress": 1,
        "downloadPath": "[REDACTED]",
        "endTime": 1627492260274
      },
      "F0299K4BH38": {
        "id": "F0299K4BH38",
        "teamId": "T0227UVRJU8",
        "url": "[REDACTED]",
        "userId": "U024J2XSZS4",
        "appVersion": "4.18.0",
        "downloadState": "completed",
        "startTime": 1627492262154,
        "progress": 1,
        "downloadPath": "[REDACTED]",
        "endTime": 1627492262348
      },
      "F0299UK8P62": {
        "id": "F0299UK8P62",
        "teamId": "T0227UVRJU8",
        "url": "[REDACTED]",
        "userId": "U024J2XSZS4",
        "appVersion": "4.18.0",
        "downloadState": "completed",
        "startTime": 1627496170649,
        "progress": 1,
        "downloadPath": "[REDACTED]",
        "endTime": 1627496171670
      },
      "F02A6S0Q3G8": {
        "id": "F02A6S0Q3G8",
        "teamId": "T0227UVRJU8",
        "url": "[REDACTED]",
        "userId": "U024J2XSZS4",
        "appVersion": "4.18.0",
        "downloadState": "completed",
        "startTime": 1627503635411,
        "progress": 1,
        "downloadPath": "[REDACTED]",
        "endTime": 1627503636141
      },
      "F029MBZT2HH": {
        "id": "F029MBZT2HH",
        "teamId": "T0227UVRJU8",
        "url": "[REDACTED]",
        "userId": "U024J2XSZS4",
        "appVersion": "4.18.0",
        "downloadState": "completed",
        "startTime": 1627582345763,
        "progress": 1,
        "downloadPath": "[REDACTED]",
        "endTime": 1627582346213
      },
      "F029MMBT8EP": {
        "id": "F029MMBT8EP",
        "teamId": "T0227UVRJU8",
        "url": "[REDACTED]",
        "userId": "U024J2XSZS4",
        "appVersion": "4.18.0",
        "downloadState": "completed",
        "startTime": 1627585112577,
        "progress": 1,
        "downloadPath": "[REDACTED]",
        "endTime": 1627585113078
      },
      "F02A04WAQQH": {
        "id": "F02A04WAQQH",
        "teamId": "T0227UVRJU8",
        "url": "[REDACTED]",
        "userId": "U024J2XSZS4",
        "appVersion": "4.18.0",
        "downloadState": "completed",
        "startTime": 1627585114304,
        "progress": 1,
        "downloadPath": "[REDACTED]",
        "endTime": 1627585114516
      },
      "F029EP14CH4": {
        "id": "F029EP14CH4",
        "teamId": "T0227UVRJU8",
        "url": "[REDACTED]",
        "userId": "U024J2XSZS4",
        "appVersion": "4.18.0",
        "downloadState": "completed",
        "startTime": 1627585120271,
        "progress": 0,
        "downloadPath": "[REDACTED]",
        "endTime": 1627585120273
      },
      "F029TMA7UA0": {
        "id": "F029TMA7UA0",
        "teamId": "T0227UVRJU8",
        "url": "[REDACTED]",
        "userId": "U024J2XSZS4",
        "appVersion": "4.18.0",
        "downloadState": "completed",
        "startTime": 1627585130762,
        "progress": 1,
        "downloadPath": "[REDACTED]",
        "endTime": 1627585131163
      },
      "F02A32N6U03": {
        "id": "F02A32N6U03",
        "teamId": "T0227UVRJU8",
        "url": "[REDACTED]",
        "userId": "U024J2XSZS4",
        "appVersion": "4.18.0",
        "downloadState": "completed",
        "startTime": 1628020198562,
        "progress": 1,
        "downloadPath": "[REDACTED]",
        "endTime": 1628020199024
      },
      "F02ASKSSQ7J": {
        "id": "F02ASKSSQ7J",
        "teamId": "T0227UVRJU8",
        "url": "[REDACTED]",
        "userId": "U024J2XSZS4",
        "appVersion": "4.18.0",
        "downloadState": "completed",
        "startTime": 1628022590301,
        "progress": 1,
        "downloadPath": "[REDACTED]",
        "endTime": 1628022590743
      },
      "F02AHTN6V0C": {
        "id": "F02AHTN6V0C",
        "teamId": "T0227UVRJU8",
        "url": "[REDACTED]",
        "userId": "U024J2XSZS4",
        "appVersion": "4.18.0",
        "downloadState": "completed",
        "startTime": 1628186399362,
        "progress": 1,
        "downloadPath": "[REDACTED]",
        "endTime": 1628186400060
      },
      "F02B1AZSCDN": {
        "id": "F02B1AZSCDN",
        "teamId": "T0227UVRJU8",
        "url": "[REDACTED]",
        "userId": "U024J2XSZS4",
        "appVersion": "4.18.0",
        "downloadState": "completed",
        "startTime": 1628186401107,
        "progress": 1,
        "downloadPath": "[REDACTED]",
        "endTime": 1628186401313
      },
      "F02AQAM3DH7": {
        "id": "F02AQAM3DH7",
        "teamId": "T0227UVRJU8",
        "url": "[REDACTED]",
        "userId": "U024J2XSZS4",
        "appVersion": "4.18.0",
        "downloadState": "completed",
        "startTime": 1628186402739,
        "progress": 1,
        "downloadPath": "[REDACTED]",
        "endTime": 1628186403007
      },
      "F02AHTQ4GRJ": {
        "id": "F02AHTQ4GRJ",
        "teamId": "T0227UVRJU8",
        "url": "[REDACTED]",
        "userId": "U024J2XSZS4",
        "appVersion": "4.18.0",
        "downloadState": "completed",
        "startTime": 1628186410316,
        "progress": 1,
        "downloadPath": "[REDACTED]",
        "endTime": 1628186410520
      },
      "F02ABMZE074": {
        "id": "F02ABMZE074",
        "teamId": "T0227UVRJU8",
        "url": "[REDACTED]",
        "userId": "U024J2XSZS4",
        "appVersion": "4.18.0",
        "downloadState": "completed",
        "startTime": 1628186412668,
        "progress": 1,
        "downloadPath": "[REDACTED]",
        "endTime": 1628186413475
      },
      "F02ADAGD058": {
        "id": "F02ADAGD058",
        "teamId": "T0227UVRJU8",
        "url": "[REDACTED]",
        "userId": "U024J2XSZS4",
        "appVersion": "4.18.0",
        "downloadState": "completed",
        "startTime": 1628254603799,
        "progress": 1,
        "downloadPath": "[REDACTED]",
        "endTime": 1628254605082
      },
      "F02AEFL567P": {
        "id": "F02AEFL567P",
        "teamId": "T0227UVRJU8",
        "url": "[REDACTED]",
        "userId": "U024J2XSZS4",
        "appVersion": "4.18.0",
        "downloadState": "completed",
        "startTime": 1628339768509,
        "progress": 1,
        "downloadPath": "[REDACTED]",
        "endTime": 1628339769714
      },
      "F02AHGGLW6N": {
        "id": "F02AHGGLW6N",
        "teamId": "T0227UVRJU8",
        "url": "[REDACTED]",
        "userId": "U024J2XSZS4",
        "appVersion": "4.18.0",
        "downloadState": "completed",
        "startTime": 1628339773473,
        "progress": 1,
        "downloadPath": "[REDACTED]",
        "endTime": 1628339773721
      },
      "F02B75KC6NL": {
        "id": "F02B75KC6NL",
        "teamId": "T0227UVRJU8",
        "url": "[REDACTED]",
        "userId": "U024J2XSZS4",
        "appVersion": "4.18.0",
        "downloadState": "completed",
        "startTime": 1628339776017,
        "progress": 1,
        "downloadPath": "[REDACTED]",
        "endTime": 1628339776224
      },
      "F02AHGGKU58": {
        "id": "F02AHGGKU58",
        "teamId": "T0227UVRJU8",
        "url": "[REDACTED]",
        "userId": "U024J2XSZS4",
        "appVersion": "4.18.0",
        "downloadState": "completed",
        "startTime": 1628339778297,
        "progress": 1,
        "downloadPath": "[REDACTED]",
        "endTime": 1628339778497
      },
      "F02AN25830B": {
        "id": "F02AN25830B",
        "teamId": "T0227UVRJU8",
        "url": "[REDACTED]",
        "userId": "U024J2XSZS4",
        "appVersion": "4.18.0",
        "downloadState": "completed",
        "startTime": 1628530688537,
        "progress": 1,
        "downloadPath": "[REDACTED]",
        "endTime": 1628530688938
      },
      "F02AF3WS1E2": {
        "id": "F02AF3WS1E2",
        "teamId": "T0227UVRJU8",
        "url": "[REDACTED]",
        "userId": "U024J2XSZS4",
        "appVersion": "4.18.0",
        "downloadState": "completed",
        "startTime": 1628530721294,
        "progress": 1,
        "downloadPath": "[REDACTED]",
        "endTime": 1628530721632
      },
      "F02AN29QVMZ": {
        "id": "F02AN29QVMZ",
        "teamId": "T0227UVRJU8",
        "url": "[REDACTED]",
        "userId": "U024J2XSZS4",
        "appVersion": "4.18.0",
        "downloadState": "completed",
        "startTime": 1628530725794,
        "progress": 1,
        "downloadPath": "[REDACTED]",
        "endTime": 1628530726021
      },
      "F02AF405XGE": {
        "id": "F02AF405XGE",
        "teamId": "T0227UVRJU8",
        "url": "[REDACTED]",
        "userId": "U024J2XSZS4",
        "appVersion": "4.18.0",
        "downloadState": "completed",
        "startTime": 1628530821300,
        "progress": 1,
        "downloadPath": "[REDACTED]",
        "endTime": 1628530822118
      },
      "F02AN2DNABV": {
        "id": "F02AN2DNABV",
        "teamId": "T0227UVRJU8",
        "url": "[REDACTED]",
        "userId": "U024J2XSZS4",
        "appVersion": "4.18.0",
        "downloadState": "completed",
        "startTime": 1628530824187,
        "progress": 1,
        "downloadPath": "[REDACTED]",
        "endTime": 1628530825252
      },
      "F02BLJ8BJ9E": {
        "id": "F02BLJ8BJ9E",
        "teamId": "T0227UVRJU8",
        "url": "[REDACTED]",
        "userId": "U024J2XSZS4",
        "appVersion": "4.18.0",
        "downloadState": "completed",
        "startTime": 1628703659165,
        "progress": 1,
        "downloadPath": "[REDACTED]",
        "endTime": 1628703659639
      },
      "F02AXNXTT51": {
        "id": "F02AXNXTT51",
        "teamId": "T0227UVRJU8",
        "url": "[REDACTED]",
        "userId": "U024J2XSZS4",
        "appVersion": "4.18.0",
        "downloadState": "completed",
        "startTime": 1628712049491,
        "progress": 1,
        "downloadPath": "[REDACTED]",
        "endTime": 1628712056435
      },
      "F02AQQLG8S3": {
        "id": "F02AQQLG8S3",
        "teamId": "T0227UVRJU8",
        "url": "[REDACTED]",
        "userId": "U024J2XSZS4",
        "appVersion": "4.18.0",
        "downloadState": "completed",
        "startTime": 1628874974101,
        "progress": 1,
        "downloadPath": "[REDACTED]",
        "endTime": 1628874975040
      },
      "F02BV6NM53J": {
        "id": "F02BV6NM53J",
        "teamId": "T0227UVRJU8",
        "url": "[REDACTED]",
        "userId": "U024J2XSZS4",
        "appVersion": "4.18.0",
        "downloadState": "completed",
        "startTime": 1628878956064,
        "progress": 1,
        "downloadPath": "[REDACTED]",
        "endTime": 1628878956447
      },
      "F02B09V0VU6": {
        "id": "F02B09V0VU6",
        "teamId": "T0227UVRJU8",
        "url": "[REDACTED]",
        "userId": "U024J2XSZS4",
        "appVersion": "4.18.0",
        "downloadState": "completed",
        "startTime": 1628929934798,
        "progress": 1,
        "downloadPath": "[REDACTED]",
        "endTime": 1628929935664
      },
      "F02BWR09UG0": {
        "id": "F02BWR09UG0",
        "teamId": "T0227UVRJU8",
        "url": "[REDACTED]",
        "userId": "U024J2XSZS4",
        "appVersion": "4.18.0",
        "downloadState": "completed",
        "startTime": 1628942518061,
        "progress": 1,
        "downloadPath": "[REDACTED]",
        "endTime": 1628942518489
      },
      "F02BDCC2KA8": {
        "id": "F02BDCC2KA8",
        "teamId": "T0227UVRJU8",
        "url": "[REDACTED]",
        "userId": "U024J2XSZS4",
        "appVersion": "4.18.0",
        "downloadState": "completed",
        "startTime": 1628942520097,
        "progress": 1,
        "downloadPath": "[REDACTED]",
        "endTime": 1628942520433
      },
      "F02B7CB60EP": {
        "id": "F02B7CB60EP",
        "teamId": "T0227UVRJU8",
        "url": "[REDACTED]",
        "userId": "U024J2XSZS4",
        "appVersion": "4.18.0",
        "downloadState": "completed",
        "startTime": 1628946546366,
        "progress": 0,
        "downloadPath": "[REDACTED]",
        "endTime": 1628946546369
      },
      "F02BBQ9JBDH": {
        "id": "F02BBQ9JBDH",
        "teamId": "T0227UVRJU8",
        "url": "[REDACTED]",
        "userId": "U024J2XSZS4",
        "appVersion": "4.18.0",
        "downloadState": "completed",
        "startTime": 1629186321539,
        "progress": 1,
        "downloadPath": "[REDACTED]",
        "endTime": 1629186322051
      },
      "F02B24VBVRV": {
        "id": "F02B24VBVRV",
        "teamId": "T0227UVRJU8",
        "url": "[REDACTED]",
        "userId": "U024J2XSZS4",
        "appVersion": "4.18.0",
        "downloadState": "completed",
        "startTime": 1629233708909,
        "progress": 0,
        "downloadPath": "[REDACTED]",
        "endTime": 1629233708912
      },
      "F02BHV4JSP7": {
        "id": "F02BHV4JSP7",
        "teamId": "T0227UVRJU8",
        "url": "[REDACTED]",
        "userId": "U024J2XSZS4",
        "appVersion": "4.18.0",
        "downloadState": "completed",
        "startTime": 1629307692897,
        "progress": 1,
        "downloadPath": "[REDACTED]",
        "endTime": 1629307693509
      },
      "F02BJDY6VA9": {
        "id": "F02BJDY6VA9",
        "teamId": "T0227UVRJU8",
        "url": "[REDACTED]",
        "userId": "U024J2XSZS4",
        "appVersion": "4.18.0",
        "downloadState": "completed",
        "startTime": 1629314220995,
        "progress": 1,
        "downloadPath": "[REDACTED]",
        "endTime": 1629314223274
      },
      "F02BK7URY1L": {
        "id": "F02BK7URY1L",
        "teamId": "T0227UVRJU8",
        "url": "[REDACTED]",
        "userId": "U024J2XSZS4",
        "appVersion": "4.18.0",
        "downloadState": "completed",
        "startTime": 1629398250377,
        "progress": 1,
        "downloadPath": "[REDACTED]",
        "endTime": 1629398250683
      },
      "F02CFJS3LSU": {
        "id": "F02CFJS3LSU",
        "teamId": "T0227UVRJU8",
        "url": "[REDACTED]",
        "userId": "U024J2XSZS4",
        "appVersion": "4.18.0",
        "downloadState": "completed",
        "startTime": 1629398251946,
        "progress": 1,
        "downloadPath": "[REDACTED]",
        "endTime": 1629398252169
      },
      "F02BK7U1VQE": {
        "id": "F02BK7U1VQE",
        "teamId": "T0227UVRJU8",
        "url": "[REDACTED]",
        "userId": "U024J2XSZS4",
        "appVersion": "4.18.0",
        "downloadState": "completed",
        "startTime": 1629398253459,
        "progress": 1,
        "downloadPath": "[REDACTED]",
        "endTime": 1629398253657
      },
      "F02BS62GKA7": {
        "id": "F02BS62GKA7",
        "teamId": "T0227UVRJU8",
        "url": "[REDACTED]",
        "userId": "U024J2XSZS4",
        "appVersion": "4.18.0",
        "downloadState": "completed",
        "startTime": 1629398254554,
        "progress": 1,
        "downloadPath": "[REDACTED]",
        "endTime": 1629398254747
      },
      "F02BURMUHL5": {
        "id": "F02BURMUHL5",
        "teamId": "T0227UVRJU8",
        "url": "[REDACTED]",
        "userId": "U024J2XSZS4",
        "appVersion": "4.18.0",
        "downloadState": "completed",
        "startTime": 1629563304526,
        "progress": 1,
        "downloadPath": "[REDACTED]",
        "endTime": 1629563305000
      },
      "F02BURMRD3P": {
        "id": "F02BURMRD3P",
        "teamId": "T0227UVRJU8",
        "url": "[REDACTED]",
        "userId": "U024J2XSZS4",
        "appVersion": "4.18.0",
        "downloadState": "completed",
        "startTime": 1629563306815,
        "progress": 1,
        "downloadPath": "[REDACTED]",
        "endTime": 1629563307626
      },
      "F02C57P2UBC": {
        "id": "F02C57P2UBC",
        "teamId": "T0227UVRJU8",
        "url": "[REDACTED]",
        "userId": "U024J2XSZS4",
        "appVersion": "4.18.0",
        "downloadState": "completed",
        "startTime": 1629804391238,
        "progress": 0,
        "downloadPath": "[REDACTED]",
        "endTime": 1629804391240
      },
      "F02C3NU06EA": {
        "id": "F02C3NU06EA",
        "teamId": "T0227UVRJU8",
        "url": "[REDACTED]",
        "userId": "U024J2XSZS4",
        "appVersion": "4.18.0",
        "downloadState": "completed",
        "startTime": 1629894974192,
        "progress": 1,
        "downloadPath": "[REDACTED]",
        "endTime": 1629894975575
      },
      "F02D0EP28EL": {
        "id": "F02D0EP28EL",
        "teamId": "T0227UVRJU8",
        "url": "[REDACTED]",
        "userId": "U024J2XSZS4",
        "appVersion": "4.18.0",
        "downloadState": "completed",
        "startTime": 1629899558225,
        "progress": 1,
        "downloadPath": "[REDACTED]",
        "endTime": 1629899559227
      },
      "F02D0E10C6L": {
        "id": "F02D0E10C6L",
        "teamId": "T0227UVRJU8",
        "url": "[REDACTED]",
        "userId": "U024J2XSZS4",
        "appVersion": "4.18.0",
        "downloadState": "completed",
        "startTime": 1629899560026,
        "progress": 1,
        "downloadPath": "[REDACTED]",
        "endTime": 1629899560368
      },
      "F02CH9TKJJG": {
        "id": "F02CH9TKJJG",
        "teamId": "T0227UVRJU8",
        "url": "[REDACTED]",
        "userId": "U024J2XSZS4",
        "appVersion": "4.18.0",
        "downloadState": "completed",
        "startTime": 1629902762877,
        "progress": 1,
        "downloadPath": "[REDACTED]",
        "endTime": 1629902763505
      },
      "F02D0KS9XRB": {
        "id": "F02D0KS9XRB",
        "teamId": "T0227UVRJU8",
        "url": "[REDACTED]",
        "userId": "U024J2XSZS4",
        "appVersion": "4.19.3",
        "downloadState": "completed",
        "startTime": 1630517660605,
        "progress": 1,
        "downloadPath": "[REDACTED]",
        "endTime": 1630517661681
      },
      "F02DETSKFGU": {
        "id": "F02DETSKFGU",
        "teamId": "T0227UVRJU8",
        "url": "[REDACTED]",
        "userId": "U024J2XSZS4",
        "appVersion": "4.19.3",
        "downloadState": "completed",
        "startTime": 1630605872478,
        "progress": 1,
        "downloadPath": "[REDACTED]",
        "endTime": 1630605872837
      },
      "F02D2GQUYAJ": {
        "id": "F02D2GQUYAJ",
        "teamId": "T0227UVRJU8",
        "url": "[REDACTED]",
        "userId": "U024J2XSZS4",
        "appVersion": "4.19.3",
        "downloadState": "completed",
        "startTime": 1630619655512,
        "progress": 0,
        "downloadPath": "[REDACTED]",
        "endTime": 1630619655514
      },
      "F02D7JZB8G6": {
        "id": "F02D7JZB8G6",
        "teamId": "T0227UVRJU8",
        "url": "[REDACTED]",
        "userId": "U024J2XSZS4",
        "appVersion": "4.19.3",
        "downloadState": "completed",
        "startTime": 1630742933662,
        "progress": 1,
        "downloadPath": "[REDACTED]",
        "endTime": 1630742933924
      },
      "F02E4543BAL": {
        "id": "F02E4543BAL",
        "teamId": "T0227UVRJU8",
        "url": "[REDACTED]",
        "userId": "U024J2XSZS4",
        "appVersion": "4.19.3",
        "downloadState": "completed",
        "startTime": 1630756954123,
        "progress": 0,
        "downloadPath": "[REDACTED]",
        "endTime": 1630756954125
      },
      "F02DLNA1YH2": {
        "id": "F02DLNA1YH2",
        "teamId": "T0227UVRJU8",
        "url": "[REDACTED]",
        "userId": "U024J2XSZS4",
        "appVersion": "4.19.3",
        "downloadState": "completed",
        "startTime": 1630756942727,
        "progress": 1,
        "downloadPath": "[REDACTED]",
        "endTime": 1630756942994
      },
      "F02D7PM8PPG": {
        "id": "F02D7PM8PPG",
        "teamId": "T0227UVRJU8",
        "url": "[REDACTED]",
        "userId": "U024J2XSZS4",
        "appVersion": "4.19.3",
        "downloadState": "completed",
        "startTime": 1630756775017,
        "progress": 1,
        "downloadPath": "[REDACTED]",
        "endTime": 1630756775265
      },
      "F02CZPC5RP1": {
        "id": "F02CZPC5RP1",
        "teamId": "T0227UVRJU8",
        "url": "[REDACTED]",
        "userId": "U024J2XSZS4",
        "appVersion": "4.19.3",
        "downloadState": "completed",
        "startTime": 1630756788101,
        "progress": 1,
        "downloadPath": "[REDACTED]",
        "endTime": 1630756789167
      },
      "F02DEJ17GDQ": {
        "id": "F02DEJ17GDQ",
        "teamId": "T0227UVRJU8",
        "url": "[REDACTED]",
        "userId": "U024J2XSZS4",
        "appVersion": "4.19.3",
        "downloadState": "completed",
        "startTime": 1630762208321,
        "progress": 0,
        "downloadPath": "[REDACTED]",
        "endTime": 1630762208324
      },
      "F02DLQDKGHJ": {
        "id": "F02DLQDKGHJ",
        "teamId": "T0227UVRJU8",
        "url": "[REDACTED]",
        "userId": "U024J2XSZS4",
        "appVersion": "4.19.3",
        "downloadState": "completed",
        "startTime": 1630762470298,
        "progress": 1,
        "downloadPath": "[REDACTED]",
        "endTime": 1630762470616
      },
      "F02E5H7PJ6M": {
        "id": "F02E5H7PJ6M",
        "teamId": "T0227UVRJU8",
        "url": "[REDACTED]",
        "userId": "U024J2XSZS4",
        "appVersion": "4.19.3",
        "downloadState": "completed",
        "startTime": 1631120827102,
        "progress": 0,
        "downloadPath": "[REDACTED]",
        "endTime": 1631120827105
      },
      "F02DT08P1GA": {
        "id": "F02DT08P1GA",
        "teamId": "T0227UVRJU8",
        "url": "[REDACTED]",
        "userId": "U024J2XSZS4",
        "appVersion": "4.19.3",
        "downloadState": "completed",
        "startTime": 1631120665382,
        "progress": 1,
        "downloadPath": "[REDACTED]",
        "endTime": 1631120665687
      },
      "F02EZ3W1RAL": {
        "id": "F02EZ3W1RAL",
        "teamId": "T0227UVRJU8",
        "url": "[REDACTED]",
        "userId": "U024J2XSZS4",
        "appVersion": "4.19.3",
        "downloadState": "completed",
        "startTime": 1631557074696,
        "progress": 1,
        "downloadPath": "[REDACTED]",
        "endTime": 1631557075497
      },
      "F02EG39JS1J": {
        "id": "F02EG39JS1J",
        "teamId": "T0227UVRJU8",
        "url": "[REDACTED]",
        "userId": "U024J2XSZS4",
        "appVersion": "4.19.3",
        "downloadState": "completed",
        "startTime": 1631562630677,
        "progress": 1,
        "downloadPath": "[REDACTED]",
        "endTime": 1631562631530
      },
      "F02EKJ8SM5Z": {
        "id": "F02EKJ8SM5Z",
        "teamId": "T0227UVRJU8",
        "url": "[REDACTED]",
        "userId": "U024J2XSZS4",
        "appVersion": "4.19.3",
        "downloadState": "completed",
        "startTime": 1631730879873,
        "progress": 1,
        "downloadPath": "[REDACTED]",
        "endTime": 1631730880287
      },
      "F02EZLX761J": {
        "id": "F02EZLX761J",
        "teamId": "T0227UVRJU8",
        "url": "[REDACTED]",
        "userId": "U024J2XSZS4",
        "appVersion": "4.19.3",
        "downloadState": "completed",
        "startTime": 1631900479766,
        "progress": 1,
        "downloadPath": "[REDACTED]",
        "endTime": 1631900480252
      },
      "F02EPRVLT7Y": {
        "id": "F02EPRVLT7Y",
        "teamId": "T0227UVRJU8",
        "url": "[REDACTED]",
        "userId": "U024J2XSZS4",
        "appVersion": "4.19.3",
        "downloadState": "completed",
        "startTime": 1631956619690,
        "progress": 1,
        "downloadPath": "[REDACTED]",
        "endTime": 1631956620305
      },
      "F02ETKF08GM": {
        "id": "F02ETKF08GM",
        "teamId": "T0227UVRJU8",
        "url": "[REDACTED]",
        "userId": "U024J2XSZS4",
        "appVersion": "4.19.3",
        "downloadState": "completed",
        "startTime": 1631960826868,
        "progress": 1,
        "downloadPath": "[REDACTED]",
        "endTime": 1631960827768
      },
      "F02G5ATSLTS": {
        "id": "F02G5ATSLTS",
        "teamId": "T0227UVRJU8",
        "url": "[REDACTED]",
        "userId": "U024J2XSZS4",
        "appVersion": "4.20.0",
        "downloadState": "completed",
        "startTime": 1632422679602,
        "progress": 1,
        "downloadPath": "[REDACTED]",
        "endTime": 1632422680604
      },
      "F02FG8VH7AP": {
        "id": "F02FG8VH7AP",
        "teamId": "T0227UVRJU8",
        "url": "[REDACTED]",
        "userId": "U024J2XSZS4",
        "appVersion": "4.20.0",
        "downloadState": "completed",
        "startTime": 1632427318984,
        "progress": 1,
        "downloadPath": "[REDACTED]",
        "endTime": 1632427320086
      },
      "F02FF7LU8H4": {
        "id": "F02FF7LU8H4",
        "teamId": "T0227UVRJU8",
        "url": "[REDACTED]",
        "userId": "U024J2XSZS4",
        "appVersion": "4.20.0",
        "downloadState": "completed",
        "startTime": 1632572141767,
        "progress": 1,
        "downloadPath": "[REDACTED]",
        "endTime": 1632572142309
      },
      "F02FF7LV6HL": {
        "id": "F02FF7LV6HL",
        "teamId": "T0227UVRJU8",
        "url": "[REDACTED]",
        "userId": "U024J2XSZS4",
        "appVersion": "4.20.0",
        "downloadState": "completed",
        "startTime": 1632572145013,
        "progress": 1,
        "downloadPath": "[REDACTED]",
        "endTime": 1632572145220
      },
      "F02FQSA739B": {
        "id": "F02FQSA739B",
        "teamId": "T0227UVRJU8",
        "url": "[REDACTED]",
        "userId": "U024J2XSZS4",
        "appVersion": "4.20.0",
        "downloadState": "completed",
        "startTime": 1632768785772,
        "progress": 1,
        "downloadPath": "[REDACTED]",
        "endTime": 1632768786277
      },
      "F02FD8VRTPH": {
        "id": "F02FD8VRTPH",
        "teamId": "T0227UVRJU8",
        "url": "[REDACTED]",
        "userId": "U024J2XSZS4",
        "appVersion": "4.20.0",
        "downloadState": "completed",
        "startTime": 1632770381248,
        "progress": 1,
        "downloadPath": "[REDACTED]",
        "endTime": 1632770382569
      },
      "F02FU0S023C": {
        "id": "F02FU0S023C",
        "teamId": "T0227UVRJU8",
        "url": "[REDACTED]",
        "userId": "U024J2XSZS4",
        "appVersion": "4.20.0",
        "downloadState": "completed",
        "startTime": 1632770384538,
        "progress": 1,
        "downloadPath": "[REDACTED]",
        "endTime": 1632770385175
      },
      "F02G0CQ1F8V": {
        "id": "F02G0CQ1F8V",
        "teamId": "T0227UVRJU8",
        "url": "[REDACTED]",
        "userId": "U024J2XSZS4",
        "appVersion": "4.20.0",
        "downloadState": "completed",
        "startTime": 1632935213293,
        "progress": 1,
        "downloadPath": "[REDACTED]",
        "endTime": 1632935213638
      },
      "F02FNMHCUET": {
        "id": "F02FNMHCUET",
        "teamId": "T0227UVRJU8",
        "url": "[REDACTED]",
        "userId": "U024J2XSZS4",
        "appVersion": "4.20.0",
        "downloadState": "completed",
        "startTime": 1632935215179,
        "progress": 1,
        "downloadPath": "[REDACTED]",
        "endTime": 1632935215403
      }
    },
    "T029Q88PTNH": {
      "F02AKGZDENS": {
        "id": "F02AKGZDENS",
        "teamId": "T029Q88PTNH",
        "url": "[REDACTED]",
        "userId": "U02AGUFUZ32",
        "appVersion": "4.18.0",
        "downloadState": "completed",
        "startTime": 1628615991402,
        "progress": 1,
        "downloadPath": "[REDACTED]",
        "endTime": 1628615991712
      },
      "F02BFTZTUU8": {
        "id": "F02BFTZTUU8",
        "teamId": "T029Q88PTNH",
        "url": "[REDACTED]",
        "userId": "U02AGUFUZ32",
        "appVersion": "4.18.0",
        "downloadState": "completed",
        "startTime": 1628615993160,
        "progress": 1,
        "downloadPath": "[REDACTED]",
        "endTime": 1628615993409
      },
      "F02ASFCH9DZ": {
        "id": "F02ASFCH9DZ",
        "teamId": "T029Q88PTNH",
        "url": "[REDACTED]",
        "userId": "U02AGUFUZ32",
        "appVersion": "4.18.0",
        "downloadState": "completed",
        "startTime": 1628615994757,
        "progress": 1,
        "downloadPath": "[REDACTED]",
        "endTime": 1628615994977
      },
      "F02ABHCEQLF": {
        "id": "F02ABHCEQLF",
        "teamId": "T029Q88PTNH",
        "url": "[REDACTED]",
        "userId": "U02AGUFUZ32",
        "appVersion": "4.18.0",
        "downloadState": "completed",
        "startTime": 1628615996397,
        "progress": 1,
        "downloadPath": "[REDACTED]",
        "endTime": 1628615996598
      },
      "F02ABHHAJ23": {
        "id": "F02ABHHAJ23",
        "teamId": "T029Q88PTNH",
        "url": "[REDACTED]",
        "userId": "U02AGUFUZ32",
        "appVersion": "4.18.0",
        "downloadState": "completed",
        "startTime": 1628616333930,
        "progress": 0,
        "downloadPath": "[REDACTED]",
        "endTime": 1628616333932
      },
      "F02BMKYMFTR": {
        "id": "F02BMKYMFTR",
        "teamId": "T029Q88PTNH",
        "url": "[REDACTED]",
        "userId": "U02AGUFUZ32",
        "appVersion": "4.18.0",
        "downloadState": "completed",
        "startTime": 1629740919738,
        "progress": 1,
        "downloadPath": "[REDACTED]",
        "endTime": 1629740919980
      },
      "F02BZBB6205": {
        "id": "F02BZBB6205",
        "teamId": "T029Q88PTNH",
        "url": "[REDACTED]",
        "userId": "U02AGUFUZ32",
        "appVersion": "4.18.0",
        "downloadState": "completed",
        "startTime": 1629740921656,
        "progress": 1,
        "downloadPath": "[REDACTED]",
        "endTime": 1629740922484
      },
      "F02ENGWDQCQ": {
        "id": "F02ENGWDQCQ",
        "teamId": "T029Q88PTNH",
        "url": "[REDACTED]",
        "userId": "U02AGUFUZ32",
        "appVersion": "4.19.3",
        "downloadState": "completed",
        "startTime": 1631219493579,
        "progress": 1,
        "downloadPath": "[REDACTED]",
        "endTime": 1631219495036
      },
      "F02FM019SGJ": {
        "id": "F02FM019SGJ",
        "teamId": "T029Q88PTNH",
        "url": "[REDACTED]",
        "userId": "U02AGUFUZ32",
        "appVersion": "4.20.0",
        "downloadState": "completed",
        "startTime": 1632515960199,
        "progress": 1,
        "downloadPath": "[REDACTED]",
        "endTime": 1632515960712
      }
    },
    "T01RRSZ61QV": {
      "F02BX4C38MB": {
        "id": "F02BX4C38MB",
        "teamId": "T01RRSZ61QV",
        "url": "[REDACTED]",
        "userId": "U02BVSQCRA9",
        "appVersion": "4.19.3",
        "downloadState": "completed",
        "startTime": 1629981460288,
        "progress": 1,
        "downloadPath": "[REDACTED]",
        "endTime": 1629981461361
      }
    }
  },
  "enterprise": {},
  "settings": {
    "defaultSigninTeam": null,
    "hasRunApp": true,
    "hasRunFromTray": true,
    "isSignedIntoSlackOrg": false,
    "lastClogForProxyInfo": 1632799832788,
    "suppressPermissionDialog": false,
    "whitelistedUrlSchemes": [
      "http:",
      "https:",
      "mailto:",
      "skype:",
      "chrome-devtools:",
      "devtools:",
      "spotify:",
      "live:",
      "callto:",
      "tel:",
      "im:",
      "sip:",
      "sips:",
      "slack:"
    ],
    "allowedHostnames": {
      "ftp:": [],
      "sftp:": [],
      "ssh:": [],
      "smb:": []
    },
    "suppressMoveFromDmgDialog": false,
    "debugFeatures": [],
    "notificationAfterHoverTimeout": 2000,
    "notificationFailover": 1628613249395,
    "notificationFailoverEnabled": true,
    "notificationMaxItems": 3,
    "notificationMethod": "html",
    "notificationPlayback": "web",
    "notificationPresentationCheck": null,
    "notificationTimeout": 6000,
    "notificationZoomLevel": null,
    "notifyPosition": {
      "corner": "bottom_right",
      "display": "same_as_app"
    },
    "forceHiddenInsetTitleBar": false,
    "isIAEnabled": true,
    "isClipboardReadDisabled": false,
    "isOpenExternalShellForced": true,
    "isTitleBarForcedByUser": false,
    "trafficLightPosition": {
      "x": 14,
      "y": 22
    },
    "autoHideMenuBar": false,
    "launchOnStartup": true,
    "keyboardLayout": "00000414",
    "locale": "en-US",
    "PrefSSBFileDownloadPath": "C:\\Users\\Test\\Downloads",
    "PrefSSBFileDownloadPathDisplayName": "",
    "runFromTray": true,
    "startNetLogAtLaunch": false,
    "useHwAcceleration": true,
    "zoomLevel": 0,
    "shouldUseHighContrastColors": false,
    "userTheme": "light",
    "systemThemeSyncEnabled": true,
    "releaseChannel": "prod",
    "releaseChannelOverride": null,
    "hideOnStartup": true,
    "useTsLogBackend": false,
    "spellcheckerLanguage": "en-US",
    "win32": {
      "hasExplainedWindowFlash": false,
      "windowFlashBehavior": "idle"
    },
    "mainWindowSettings": {
      "fullScreen": false,
      "maximized": true,
      "bounds": {
        "x": 448,
        "y": 196,
        "width": 1024,
        "height": 768
      }
    },
    "notificationElectron12Disabled": null
  },
  "teams": {},
  "webapp": {
    "teams": {
      "T01DGF95NBW": {
        "theme": {
          "titlebarBackground": "#1F0020",
          "titlebarTextColor": "#FFFFFF"
        },
        "notificationPrefs": {
          "notificationSound": "knock_brush.mp3",
          "noTextInNotifications": false,
          "muteSounds": false
        },
        "connectivityPrefs": {
          "ntlmCredentialDomains": "*"
        },
        "featureFlags": {
          "feature_desktop_reload_on_generic_error": false,
          "feature_desktop_restart_service_worker": false,
          "feature_desktop_extend_app_menu": false,
          "feature_desktop_enable_tslog": false,
          "feature_desktop_enable_sticky_notification_pref": false
        },
        "unreads": {
          "unreads": 0,
          "unreadHighlights": 0,
          "showBullet": false
        },
        "locale": "en-US"
      },
      "T01P5K80UL9": {
        "theme": {
          "titlebarBackground": "#1F0020",
          "titlebarTextColor": "#FFFFFF"
        },
        "notificationPrefs": {
          "notificationSound": "knock_brush.mp3",
          "noTextInNotifications": false,
          "muteSounds": false
        },
        "connectivityPrefs": {
          "ntlmCredentialDomains": "*"
        },
        "featureFlags": {
          "feature_desktop_reload_on_generic_error": false,
          "feature_desktop_restart_service_worker": false,
          "feature_desktop_extend_app_menu": false,
          "feature_desktop_enable_tslog": false,
          "feature_desktop_enable_sticky_notification_pref": false
        },
        "unreads": {
          "unreads": 0,
          "unreadHighlights": 0,
          "showBullet": false
        },
        "locale": "en-US"
      },
      "T029Q88PTNH": {
        "theme": {
          "titlebarBackground": "#1F0020",
          "titlebarTextColor": "#FFFFFF"
        },
        "notificationPrefs": {
          "notificationSound": "knock_brush.mp3",
          "noTextInNotifications": false,
          "muteSounds": false
        },
        "connectivityPrefs": {
          "ntlmCredentialDomains": "*"
        },
        "featureFlags": {
          "feature_desktop_reload_on_generic_error": false,
          "feature_desktop_restart_service_worker": false,
          "feature_desktop_extend_app_menu": false,
          "feature_desktop_enable_tslog": false,
          "feature_desktop_enable_sticky_notification_pref": false
        },
        "unreads": {
          "unreads": 0,
          "unreadHighlights": 0,
          "showBullet": false
        },
        "locale": "en-US"
      },
      "T01RRSZ61QV": {
        "theme": {
          "titlebarBackground": "#1F0020",
          "titlebarTextColor": "#FFFFFF"
        },
        "notificationPrefs": {
          "notificationSound": "knock_brush.mp3",
          "noTextInNotifications": false,
          "muteSounds": false
        },
        "connectivityPrefs": {
          "ntlmCredentialDomains": "*"
        },
        "featureFlags": {
          "feature_desktop_reload_on_generic_error": false,
          "feature_desktop_restart_service_worker": false,
          "feature_desktop_extend_app_menu": false,
          "feature_desktop_enable_tslog": false,
          "feature_desktop_enable_sticky_notification_pref": false
        },
        "unreads": {
          "unreads": 0,
          "unreadHighlights": 0,
          "showBullet": false
        },
        "locale": "en-US"
      },
      "T0227UVRJU8": {
        "theme": {
          "titlebarBackground": "#1F0020",
          "titlebarTextColor": "#FFFFFF"
        },
        "notificationPrefs": {
          "notificationSound": "knock_brush.mp3",
          "noTextInNotifications": false,
          "muteSounds": false
        },
        "connectivityPrefs": {
          "ntlmCredentialDomains": "*"
        },
        "featureFlags": {
          "feature_desktop_reload_on_generic_error": false,
          "feature_desktop_restart_service_worker": false,
          "feature_desktop_extend_app_menu": false,
          "feature_desktop_enable_tslog": false,
          "feature_desktop_enable_sticky_notification_pref": false
        },
        "unreads": {
          "unreads": 0,
          "unreadHighlights": 0,
          "showBullet": false
        },
        "locale": "en-US"
      }
    }
  },
  "workspaces": {},
  "workspacesMeta": {
    "selectedWorkspaceId": "T029Q88PTNH",
    "selectedUserId": "U024J2XSZS4"
  },
  "_persist": {
    "version": 1,
    "rehydrated": true
  }
}